[
{
    "model": "auth.user",
    "pk": 1,
    "fields": {
        "password": "pbkdf2_sha256$120000$CY1LTbkFLqn3$4q1mvBAVkyD9yE4g7ke9Hdcm9VV6BAxyj6MSmzGlC2U=",
        "last_login": "2018-11-18T00:16:29.740Z",
        "is_superuser": true,
        "username": "root",
        "first_name": "",
        "last_name": "",
        "email": "",
        "is_staff": true,
        "is_active": true,
        "date_joined": "2018-11-18T00:08:41.255Z",
        "groups": [],
        "user_permissions": []
    }
},
{
    "model": "sptApp.student",
    "pk": 1,
    "fields": {
        "first_name": "Panabag",
        "last_name": "",
        "email": "musicdude97@gmail.com",
        "join_date": "2018-10-28T22:51:18.137Z"
    }
},
{
    "model": "sptApp.course",
    "pk": 3,
    "fields": {
        "name": "PDR",
        "course_code": "2150",
        "subject_code": "CS"
    }
},
{
    "model": "sptApp.topic",
    "pk": 1,
    "fields": {
        "name": "Data Types",
        "course": 3
    }
},
{
    "model": "sptApp.topic",
    "pk": 2,
    "fields": {
        "name": "Objects",
        "course": 3
    }
},
{
    "model": "sptApp.topic",
    "pk": 3,
    "fields": {
        "name": "If Statements",
        "course": 3
    }
},
{
    "model": "sptApp.topic",
    "pk": 4,
    "fields": {
        "name": "References",
        "course": 3
    }
},
{
    "model": "sptApp.topic",
    "pk": 5,
    "fields": {
        "name": "References",
        "course": 3
    }
},
{
    "model": "sptApp.topic",
    "pk": 6,
    "fields": {
        "name": "Arrays",
        "course": 3
    }
},
{
    "model": "sptApp.topic",
    "pk": 7,
    "fields": {
        "name": "Java Data Types",
        "course": 3
    }
},
{
    "model": "sptApp.topic",
    "pk": 8,
    "fields": {
        "name": "Objects",
        "course": 3
    }
},
{
    "model": "sptApp.topic",
    "pk": 9,
    "fields": {
        "name": "If Statements",
        "course": 3
    }
},
{
    "model": "sptApp.topic",
    "pk": 10,
    "fields": {
        "name": "Interfaces",
        "course": 3
    }
},
{
    "model": "sptApp.topic",
    "pk": 11,
    "fields": {
        "name": "Min-Heap",
        "course": 3
    }
},
{
    "model": "sptApp.topic",
    "pk": 12,
    "fields": {
        "name": "Queues",
        "course": 3
    }
},
{
    "model": "sptApp.topic",
    "pk": 13,
    "fields": {
        "name": "Priority Queues",
        "course": 3
    }
},
{
    "model": "sptApp.topic",
    "pk": 14,
    "fields": {
        "name": "Vectors",
        "course": 3
    }
},
{
    "model": "sptApp.topic",
    "pk": 15,
    "fields": {
        "name": "Heap Sort",
        "course": 3
    }
},
{
    "model": "sptApp.topic",
    "pk": 16,
    "fields": {
        "name": "Recursion",
        "course": 3
    }
},
{
    "model": "sptApp.topic",
    "pk": 17,
    "fields": {
        "name": "Binary Trees",
        "course": 3
    }
},
{
    "model": "sptApp.topic",
    "pk": 18,
    "fields": {
        "name": "Linked Lists",
        "course": 3
    }
},
{
    "model": "sptApp.topic",
    "pk": 19,
    "fields": {
        "name": "Bubble Sort",
        "course": 3
    }
},
{
    "model": "sptApp.topic",
    "pk": 20,
    "fields": {
        "name": "Hash Tables",
        "course": 3
    }
},
{
    "model": "sptApp.topic",
    "pk": 21,
    "fields": {
        "name": "Hybrid Sorting",
        "course": 3
    }
},
{
    "model": "sptApp.topic",
    "pk": 22,
    "fields": {
        "name": "Insertion Sort",
        "course": 3
    }
},
{
    "model": "sptApp.topic",
    "pk": 23,
    "fields": {
        "name": "Collision Resolution",
        "course": 3
    }
},
{
    "model": "sptApp.topic",
    "pk": 24,
    "fields": {
        "name": "Inheritance",
        "course": 3
    }
},
{
    "model": "sptApp.topic",
    "pk": 25,
    "fields": {
        "name": "Parameter Passing",
        "course": 3
    }
},
{
    "model": "sptApp.topic",
    "pk": 26,
    "fields": {
        "name": "Loops",
        "course": 3
    }
},
{
    "model": "sptApp.topic",
    "pk": 27,
    "fields": {
        "name": "Exceptions",
        "course": 3
    }
},
{
    "model": "sptApp.topic",
    "pk": 28,
    "fields": {
        "name": "Concurrency",
        "course": 3
    }
},
{
    "model": "sptApp.topic",
    "pk": 29,
    "fields": {
        "name": "Merge Sort",
        "course": 3
    }
},
{
    "model": "sptApp.topic",
    "pk": 30,
    "fields": {
        "name": "Quick Sort",
        "course": 3
    }
},
{
    "model": "sptApp.topic",
    "pk": 31,
    "fields": {
        "name": "Big-OH, Omega,Theta",
        "course": 3
    }
},
{
    "model": "sptApp.topic",
    "pk": 32,
    "fields": {
        "name": "Methods",
        "course": 3
    }
},
{
    "model": "sptApp.topic",
    "pk": 33,
    "fields": {
        "name": "Hash Functions",
        "course": 3
    }
},
{
    "model": "sptApp.topic",
    "pk": 34,
    "fields": {
        "name": "Stacks",
        "course": 3
    }
},
{
    "model": "sptApp.topic",
    "pk": 35,
    "fields": {
        "name": "Red-Black Trees",
        "course": 3
    }
},
{
    "model": "sptApp.topic",
    "pk": 36,
    "fields": {
        "name": "AVL Trees",
        "course": 3
    }
},
{
    "model": "sptApp.topic",
    "pk": 37,
    "fields": {
        "name": "BST",
        "course": 3
    }
},
{
    "model": "sptApp.studenttotopic",
    "pk": 1,
    "fields": {
        "course": 3,
        "student": 1,
        "topic": 1,
        "grade": 100.0,
        "locked": false
    }
},
{
    "model": "sptApp.studenttotopic",
    "pk": 2,
    "fields": {
        "course": 3,
        "student": 1,
        "topic": 4,
        "grade": 100.0,
        "locked": false
    }
},
{
    "model": "sptApp.studenttotopic",
    "pk": 3,
    "fields": {
        "course": 3,
        "student": 1,
        "topic": 3,
        "grade": 100.0,
        "locked": false
    }
},
{
    "model": "sptApp.studenttotopic",
    "pk": 4,
    "fields": {
        "course": 3,
        "student": 1,
        "topic": 2,
        "grade": 100.0,
        "locked": false
    }
},
{
    "model": "sptApp.studenttotopic",
    "pk": 5,
    "fields": {
        "course": 3,
        "student": 1,
        "topic": 6,
        "grade": 100.0,
        "locked": false
    }
},
{
    "model": "sptApp.studenttotopic",
    "pk": 6,
    "fields": {
        "course": 3,
        "student": 1,
        "topic": 5,
        "grade": 100.0,
        "locked": false
    }
},
{
    "model": "sptApp.studenttotopic",
    "pk": 7,
    "fields": {
        "course": 3,
        "student": 1,
        "topic": 10,
        "grade": 100.0,
        "locked": false
    }
},
{
    "model": "sptApp.studenttotopic",
    "pk": 8,
    "fields": {
        "course": 3,
        "student": 1,
        "topic": 8,
        "grade": 100.0,
        "locked": false
    }
},
{
    "model": "sptApp.studenttotopic",
    "pk": 9,
    "fields": {
        "course": 3,
        "student": 1,
        "topic": 13,
        "grade": 100.0,
        "locked": false
    }
},
{
    "model": "sptApp.studenttotopic",
    "pk": 10,
    "fields": {
        "course": 3,
        "student": 1,
        "topic": 14,
        "grade": 100.0,
        "locked": false
    }
},
{
    "model": "sptApp.studenttotopic",
    "pk": 11,
    "fields": {
        "course": 3,
        "student": 1,
        "topic": 16,
        "grade": 100.0,
        "locked": false
    }
},
{
    "model": "sptApp.studenttotopic",
    "pk": 12,
    "fields": {
        "course": 3,
        "student": 1,
        "topic": 19,
        "grade": 100.0,
        "locked": false
    }
},
{
    "model": "sptApp.studenttotopic",
    "pk": 13,
    "fields": {
        "course": 3,
        "student": 1,
        "topic": 18,
        "grade": 100.0,
        "locked": false
    }
},
{
    "model": "sptApp.studenttotopic",
    "pk": 14,
    "fields": {
        "course": 3,
        "student": 1,
        "topic": 22,
        "grade": 100.0,
        "locked": false
    }
},
{
    "model": "sptApp.studenttotopic",
    "pk": 15,
    "fields": {
        "course": 3,
        "student": 1,
        "topic": 23,
        "grade": 100.0,
        "locked": false
    }
},
{
    "model": "sptApp.studenttotopic",
    "pk": 16,
    "fields": {
        "course": 3,
        "student": 1,
        "topic": 27,
        "grade": 76.0,
        "locked": false
    }
},
{
    "model": "sptApp.studenttotopic",
    "pk": 17,
    "fields": {
        "course": 3,
        "student": 1,
        "topic": 28,
        "grade": 75.0,
        "locked": false
    }
},
{
    "model": "sptApp.studenttotopic",
    "pk": 18,
    "fields": {
        "course": 3,
        "student": 1,
        "topic": 29,
        "grade": 10.0,
        "locked": false
    }
},
{
    "model": "sptApp.studenttotopic",
    "pk": 19,
    "fields": {
        "course": 3,
        "student": 1,
        "topic": 32,
        "grade": 30.0,
        "locked": true
    }
},
{
    "model": "sptApp.studenttotopic",
    "pk": 20,
    "fields": {
        "course": 3,
        "student": 1,
        "topic": 33,
        "grade": 40.0,
        "locked": true
    }
},
{
    "model": "sptApp.studenttotopic",
    "pk": 21,
    "fields": {
        "course": 3,
        "student": 1,
        "topic": 9,
        "grade": 100.0,
        "locked": false
    }
},
{
    "model": "sptApp.studenttotopic",
    "pk": 22,
    "fields": {
        "course": 3,
        "student": 1,
        "topic": 17,
        "grade": 100.0,
        "locked": false
    }
},
{
    "model": "sptApp.studenttotopic",
    "pk": 23,
    "fields": {
        "course": 3,
        "student": 1,
        "topic": 12,
        "grade": 100.0,
        "locked": false
    }
},
{
    "model": "sptApp.studenttotopic",
    "pk": 24,
    "fields": {
        "course": 3,
        "student": 1,
        "topic": 21,
        "grade": 100.0,
        "locked": false
    }
},
{
    "model": "sptApp.studenttotopic",
    "pk": 25,
    "fields": {
        "course": 3,
        "student": 1,
        "topic": 25,
        "grade": 51.0,
        "locked": false
    }
},
{
    "model": "sptApp.studenttotopic",
    "pk": 26,
    "fields": {
        "course": 3,
        "student": 1,
        "topic": 30,
        "grade": 20.0,
        "locked": false
    }
},
{
    "model": "sptApp.studenttotopic",
    "pk": 27,
    "fields": {
        "course": 3,
        "student": 1,
        "topic": 7,
        "grade": 100.0,
        "locked": false
    }
},
{
    "model": "sptApp.studenttotopic",
    "pk": 28,
    "fields": {
        "course": 3,
        "student": 1,
        "topic": 26,
        "grade": 74.0,
        "locked": false
    }
},
{
    "model": "sptApp.studenttotopic",
    "pk": 29,
    "fields": {
        "course": 3,
        "student": 1,
        "topic": 15,
        "grade": 100.0,
        "locked": false
    }
},
{
    "model": "sptApp.studenttotopic",
    "pk": 30,
    "fields": {
        "course": 3,
        "student": 1,
        "topic": 20,
        "grade": 100.0,
        "locked": false
    }
},
{
    "model": "sptApp.studenttotopic",
    "pk": 31,
    "fields": {
        "course": 3,
        "student": 1,
        "topic": 24,
        "grade": 60.0,
        "locked": false
    }
},
{
    "model": "sptApp.studenttotopic",
    "pk": 32,
    "fields": {
        "course": 3,
        "student": 1,
        "topic": 11,
        "grade": 100.0,
        "locked": false
    }
},
{
    "model": "sptApp.studenttotopic",
    "pk": 33,
    "fields": {
        "course": 3,
        "student": 1,
        "topic": 31,
        "grade": 45.0,
        "locked": false
    }
},
{
    "model": "sptApp.topictotopic",
    "pk": 1,
    "fields": {
        "course": 3,
        "topic_node": 2,
        "ancestor_node": 1
    }
},
{
    "model": "sptApp.topictotopic",
    "pk": 2,
    "fields": {
        "course": 3,
        "topic_node": 3,
        "ancestor_node": 1
    }
},
{
    "model": "sptApp.topictotopic",
    "pk": 3,
    "fields": {
        "course": 3,
        "topic_node": 4,
        "ancestor_node": 2
    }
},
{
    "model": "sptApp.topictotopic",
    "pk": 4,
    "fields": {
        "course": 3,
        "topic_node": 2,
        "ancestor_node": 1
    }
},
{
    "model": "sptApp.topictotopic",
    "pk": 5,
    "fields": {
        "course": 3,
        "topic_node": 14,
        "ancestor_node": 2
    }
},
{
    "model": "sptApp.topictotopic",
    "pk": 6,
    "fields": {
        "course": 3,
        "topic_node": 25,
        "ancestor_node": 2
    }
},
{
    "model": "sptApp.topictotopic",
    "pk": 7,
    "fields": {
        "course": 3,
        "topic_node": 4,
        "ancestor_node": 1
    }
},
{
    "model": "sptApp.topictotopic",
    "pk": 8,
    "fields": {
        "course": 3,
        "topic_node": 3,
        "ancestor_node": 1
    }
},
{
    "model": "sptApp.topictotopic",
    "pk": 9,
    "fields": {
        "course": 3,
        "topic_node": 8,
        "ancestor_node": 3
    }
},
{
    "model": "sptApp.topictotopic",
    "pk": 10,
    "fields": {
        "course": 3,
        "topic_node": 9,
        "ancestor_node": 5
    }
},
{
    "model": "sptApp.topictotopic",
    "pk": 11,
    "fields": {
        "course": 3,
        "topic_node": 15,
        "ancestor_node": 9
    }
},
{
    "model": "sptApp.topictotopic",
    "pk": 12,
    "fields": {
        "course": 3,
        "topic_node": 14,
        "ancestor_node": 10
    }
},
{
    "model": "sptApp.topictotopic",
    "pk": 13,
    "fields": {
        "course": 3,
        "topic_node": 17,
        "ancestor_node": 9
    }
},
{
    "model": "sptApp.topictotopic",
    "pk": 14,
    "fields": {
        "course": 3,
        "topic_node": 20,
        "ancestor_node": 8
    }
},
{
    "model": "sptApp.topictotopic",
    "pk": 15,
    "fields": {
        "course": 3,
        "topic_node": 18,
        "ancestor_node": 11
    }
},
{
    "model": "sptApp.topictotopic",
    "pk": 16,
    "fields": {
        "course": 3,
        "topic_node": 12,
        "ancestor_node": 13
    }
},
{
    "model": "sptApp.topictotopic",
    "pk": 17,
    "fields": {
        "course": 3,
        "topic_node": 25,
        "ancestor_node": 16
    }
},
{
    "model": "sptApp.topictotopic",
    "pk": 18,
    "fields": {
        "course": 3,
        "topic_node": 24,
        "ancestor_node": 14
    }
},
{
    "model": "sptApp.topictotopic",
    "pk": 19,
    "fields": {
        "course": 3,
        "topic_node": 14,
        "ancestor_node": 15
    }
},
{
    "model": "sptApp.topictotopic",
    "pk": 20,
    "fields": {
        "course": 3,
        "topic_node": 22,
        "ancestor_node": 16
    }
},
{
    "model": "sptApp.topictotopic",
    "pk": 21,
    "fields": {
        "course": 3,
        "topic_node": 22,
        "ancestor_node": 20
    }
},
{
    "model": "sptApp.topictotopic",
    "pk": 22,
    "fields": {
        "course": 3,
        "topic_node": 31,
        "ancestor_node": 26
    }
},
{
    "model": "sptApp.topictotopic",
    "pk": 23,
    "fields": {
        "course": 3,
        "topic_node": 27,
        "ancestor_node": 23
    }
},
{
    "model": "sptApp.topictotopic",
    "pk": 24,
    "fields": {
        "course": 3,
        "topic_node": 28,
        "ancestor_node": 24
    }
},
{
    "model": "sptApp.topictotopic",
    "pk": 25,
    "fields": {
        "course": 3,
        "topic_node": 32,
        "ancestor_node": 26
    }
},
{
    "model": "sptApp.topictotopic",
    "pk": 26,
    "fields": {
        "course": 3,
        "topic_node": 33,
        "ancestor_node": 27
    }
},
{
    "model": "sptApp.topictotopic",
    "pk": 27,
    "fields": {
        "course": 3,
        "topic_node": 30,
        "ancestor_node": 29
    }
},
{
    "model": "sptApp.topictotopic",
    "pk": 28,
    "fields": {
        "course": 3,
        "topic_node": 13,
        "ancestor_node": 14
    }
},
{
    "model": "sptApp.topictotopic",
    "pk": 29,
    "fields": {
        "course": 3,
        "topic_node": 23,
        "ancestor_node": 14
    }
},
{
    "model": "sptApp.topictotopic",
    "pk": 30,
    "fields": {
        "course": 3,
        "topic_node": 21,
        "ancestor_node": 17
    }
},
{
    "model": "sptApp.topictotopic",
    "pk": 31,
    "fields": {
        "course": 3,
        "topic_node": 6,
        "ancestor_node": 5
    }
},
{
    "model": "sptApp.topictotopic",
    "pk": 32,
    "fields": {
        "course": 3,
        "topic_node": 7,
        "ancestor_node": 6
    }
},
{
    "model": "sptApp.topictotopic",
    "pk": 33,
    "fields": {
        "course": 3,
        "topic_node": 23,
        "ancestor_node": 20
    }
},
{
    "model": "sptApp.topictotopic",
    "pk": 34,
    "fields": {
        "course": 3,
        "topic_node": 30,
        "ancestor_node": 28
    }
},
{
    "model": "sptApp.topictotopic",
    "pk": 35,
    "fields": {
        "course": 3,
        "topic_node": 5,
        "ancestor_node": 4
    }
},
{
    "model": "sptApp.topictotopic",
    "pk": 36,
    "fields": {
        "course": 3,
        "topic_node": 19,
        "ancestor_node": 14
    }
},
{
    "model": "sptApp.topictotopic",
    "pk": 37,
    "fields": {
        "course": 3,
        "topic_node": 16,
        "ancestor_node": 15
    }
},
{
    "model": "sptApp.topictotopic",
    "pk": 38,
    "fields": {
        "course": 3,
        "topic_node": 29,
        "ancestor_node": 25
    }
},
{
    "model": "sptApp.topictotopic",
    "pk": 39,
    "fields": {
        "course": 3,
        "topic_node": 26,
        "ancestor_node": 22
    }
},
{
    "model": "sptApp.topictotopic",
    "pk": 40,
    "fields": {
        "course": 3,
        "topic_node": 14,
        "ancestor_node": 8
    }
},
{
    "model": "sptApp.topictotopic",
    "pk": 41,
    "fields": {
        "course": 3,
        "topic_node": 11,
        "ancestor_node": 12
    }
},
{
    "model": "sptApp.topictotopic",
    "pk": 42,
    "fields": {
        "course": 3,
        "topic_node": 19,
        "ancestor_node": 20
    }
},
{
    "model": "sptApp.quiz",
    "pk": 1,
    "fields": {
        "name": "Quiz for arrays",
        "topic": 6
    }
},
{
    "model": "sptApp.quizquestion",
    "pk": 1,
    "fields": {
        "text": "Arrays start at what index?",
        "question_type": 0,
        "quiz": 1,
        "total_points": 1,
        "index": 1
    }
},
{
    "model": "sptApp.quizquestion",
    "pk": 2,
    "fields": {
        "text": "The array: ['1', 'hello', 'world'] has length: [a] and last index: [b]",
        "question_type": 0,
        "quiz": 1,
        "total_points": 1,
        "index": 2
    }
},
{
    "model": "sptApp.quizquestionanswer",
    "pk": 1,
    "fields": {
        "text": "0",
        "question": 1,
        "weight": 0.0,
        "correct": true,
        "index": 1
    }
},
{
    "model": "sptApp.quizquestionanswer",
    "pk": 2,
    "fields": {
        "text": "1",
        "question": 1,
        "weight": 1.0,
        "correct": false,
        "index": 1
    }
},
{
    "model": "sptApp.quizquestionanswer",
    "pk": 5,
    "fields": {
        "text": "-7",
        "question": 1,
        "weight": 0.0,
        "correct": false,
        "index": 1
    }
},
{
    "model": "sptApp.quizquestionanswer",
    "pk": 6,
    "fields": {
        "text": "[a]: 3, [b]: 3",
        "question": 2,
        "weight": 0.0,
        "correct": false,
        "index": 1
    }
},
{
    "model": "sptApp.quizquestionanswer",
    "pk": 7,
    "fields": {
        "text": "[a]: 3, [b]: 2",
        "question": 2,
        "weight": 0.0,
        "correct": true,
        "index": 1
    }
},
{
    "model": "sptApp.quizquestionanswer",
    "pk": 8,
    "fields": {
        "text": "[a]: 2, [b]: 2",
        "question": 2,
        "weight": 0.0,
        "correct": false,
        "index": 1
    }
},
{
    "model": "admin.logentry",
    "pk": 1,
    "fields": {
        "action_time": "2018-11-18T00:17:24.442Z",
        "user": [
            "root"
        ],
        "content_type": [
            "sptApp",
            "quiz"
        ],
        "object_id": "1",
        "object_repr": "Quiz for Arrays",
        "action_flag": 1,
        "change_message": "[{\"added\": {}}]"
    }
},
{
    "model": "admin.logentry",
    "pk": 2,
    "fields": {
        "action_time": "2018-11-18T00:18:18.441Z",
        "user": [
            "root"
        ],
        "content_type": [
            "sptApp",
            "quizquestion"
        ],
        "object_id": "1",
        "object_repr": "Quiz id: 1, question: Arrays start at what index?",
        "action_flag": 1,
        "change_message": "[{\"added\": {}}]"
    }
},
{
    "model": "admin.logentry",
    "pk": 3,
    "fields": {
        "action_time": "2018-11-18T00:19:50.744Z",
        "user": [
            "root"
        ],
        "content_type": [
            "sptApp",
            "quizquestion"
        ],
        "object_id": "2",
        "object_repr": "Quiz id: 1, question: The array: ['1', 'hello', 'world'] has length: [a] and last index: [b]",
        "action_flag": 1,
        "change_message": "[{\"added\": {}}]"
    }
},
{
    "model": "admin.logentry",
    "pk": 4,
    "fields": {
        "action_time": "2018-11-18T00:20:24.181Z",
        "user": [
            "root"
        ],
        "content_type": [
            "sptApp",
            "quizquestionanswer"
        ],
        "object_id": "1",
        "object_repr": "Question id: 1 answer: 0",
        "action_flag": 1,
        "change_message": "[{\"added\": {}}]"
    }
},
{
    "model": "admin.logentry",
    "pk": 5,
    "fields": {
        "action_time": "2018-11-18T00:20:41.347Z",
        "user": [
            "root"
        ],
        "content_type": [
            "sptApp",
            "quizquestionanswer"
        ],
        "object_id": "2",
        "object_repr": "Question id: 1 answer: 1",
        "action_flag": 1,
        "change_message": "[{\"added\": {}}]"
    }
},
{
    "model": "admin.logentry",
    "pk": 6,
    "fields": {
        "action_time": "2018-11-18T00:22:42.531Z",
        "user": [
            "root"
        ],
        "content_type": [
            "sptApp",
            "quizquestionanswer"
        ],
        "object_id": "5",
        "object_repr": "Question id: 1 answer: -7",
        "action_flag": 1,
        "change_message": "[{\"added\": {}}]"
    }
},
{
    "model": "admin.logentry",
    "pk": 7,
    "fields": {
        "action_time": "2018-11-18T00:24:31.306Z",
        "user": [
            "root"
        ],
        "content_type": [
            "sptApp",
            "quizquestionanswer"
        ],
        "object_id": "6",
        "object_repr": "Question id: 2 answer: [a]: 3, [b]: 3",
        "action_flag": 1,
        "change_message": "[{\"added\": {}}]"
    }
},
{
    "model": "admin.logentry",
    "pk": 8,
    "fields": {
        "action_time": "2018-11-18T00:24:41.888Z",
        "user": [
            "root"
        ],
        "content_type": [
            "sptApp",
            "quizquestionanswer"
        ],
        "object_id": "7",
        "object_repr": "Question id: 2 answer: [a]: 3, [b]: 2",
        "action_flag": 1,
        "change_message": "[{\"added\": {}}]"
    }
},
{
    "model": "admin.logentry",
    "pk": 9,
    "fields": {
        "action_time": "2018-11-18T00:24:53.496Z",
        "user": [
            "root"
        ],
        "content_type": [
            "sptApp",
            "quizquestionanswer"
        ],
        "object_id": "8",
        "object_repr": "Question id: 2 answer: [a]: 2, [b]: 2",
        "action_flag": 1,
        "change_message": "[{\"added\": {}}]"
    }
}
]
